{
    "accuracy": 0.7886904761904762,
    "precision": 0.7566137566137566,
    "recall": 0.8511904761904762,
    "f1": 0.8011204481792717,
    "roc_auc": 0.8745748299319728,
    "threshold": 0.4,
    "confusion_matrix": [
        [
            122,
            46
        ],
        [
            25,
            143
        ]
    ]
}